date,authors,title,participant_type,medical_cat,outcomes_cat,doi_link
2017,Aggerholm et al.,"""Yes we can! A phenomenological study of a sports camp for young people with cerebral palsy""",campers,cerebral palsy,(ind.) social outcomes; (ind.) emotional outcomes; (ind.) cognitive outcomes,https://doi.org/10.1123/apaq.2015-0135
2006,Alden et al.,"""Burn camp: A positive experience for volunteer counselors""",camp staff,burn,(ind.) emotional outcomes; (ind.) cognitive outcomes; (ind.) behavioral outcomes,https://doi.org/10.1097/01.BCR.0000245416.20898.A1
2020,Alexander et al.,"""Recommendations for medical care in the pediatric oncology camp setting: Consensus statements based on Delphi methodology""",framework / practice; camp staff; medical staff; parents,cancer,framework / practice,https://doi.org/10.1002/pbc.28107
2019,Allen et al.,"""Medical specialty camps: Camper/Staff perceptions from the ACA youth outcomes battery""",camp staff; campers,diabetes,(ind.) emotional outcomes; (ind.) cognitive outcomes,https://doi.org/10.18666/JOREL-2019-V11-I3-9919
2021,Allen et al.,"""Using rock climbing for recreation among youth with type 1 diabetes: Evaluating the REACH program""",campers,diabetes,(ind.) social outcomes; (ind.) emotional outcomes; (ind.) cognitive outcomes,
2013,Allsop,"""Assessing the social effects of a therapeutic recreation summer camp for adolescents with chronic illness""",campers,neurofibromatosis,(ind.) social outcomes; (ind.) emotional outcomes,
2017,Altenburger & Wilson,"""A volunteer basketball clinic for children with disabilities: Professional development impact on student-athletes and physical therapy students""",camp staff; parents; campers,(unspec.) disabilities,(ind.) emotional outcomes; (ind.) cognitive outcomes,
2012,American Diabetes Association,"""Diabetes management at camps for children with diabetes""",framework / practice,diabetes,framework / practice,
2021,Analytis et al.,"""Supporting children and young people with an acquired brain injury (ABI) and their siblings: The experience of a camp for families with a child with an ABI""",siblings; campers,acquired brain injury,(ind.) social outcomes; (ind.) emotional outcomes,https://doi.org/10.1080/09602011.2020.1731556
2019,Anarte et al.,"""Diabetes summer camp in children and adolescents with type 1 diabetes: Effects on well-being and quality of life""",parents; campers,diabetes,(ind.) emotional outcomes,https://doi.org/10/gtts78
2020,Antonetti et al,"""Quantifying the psychosocial impact of a weekend retreat on adolescent and young adult (AYA) oncology patients.""",campers,cancer,(ind.) social outcomes; (ind.) emotional outcomes; (ind.) physiological outcomes,https://doi.org/10.1080/07347332.2020.1786876
2018,Armstrong-James et al.,"""An evaluation of the impact of a burn camp on children and young people's concerns about social situations, satisfaction with appearance and behaviour""",parents; campers,burn,(ind.) social outcomes; (ind.) emotional outcomes; (ind.) cognitive outcomes,https://doi.org/10.1177/2059513118816219
2006,Arnoldo et al.,"""Self-esteem measurement before and after summer burn camp in pediatric burn patients""",campers,burn,(ind.) emotional outcomes,https://doi.org/10.1097/01.BCR.0000245782.59190.4B
2011,Bakker et al.,"""Impact of pediatric burn camps on participants' self esteem and body image: An empirical study""",parents; campers,burn,(ind.) social outcomes; (ind.) emotional outcomes; (ind.) cognitive outcomes,https://doi.org/10.1016/j.burns.2011.01.009
2014,Bandino et al.,"""Epilepsy at a summer camp for children and young adults with developmental disabilities: A 3-year experience""",camp / programming; campers,cerebral palsy; (unspec.) disabilities; autism spectrum disorder; epilepsy,camp/program description,https://doi.org/10.7205/milmed-d-13-00304
2016,Barone et al.,"""Are diabetes camps effective""",literature review,diabetes,literature review,https://doi.org/10.1016/j.diabres.2016.01.013
2010,Barr et al.,"""A comparative assessment of attendance and nonattendance at Camp Trillium by children with cancer and their families; including their utilization of health and social services""",parents; campers,cancer,(ind.) social outcomes; (ind.) cognitive outcomes; (ind.) physiological outcomes,https://doi.org/10.1097/MPH.0b013e3181dccc1f
2017,Bashore & Bender,"""Benefits of attending a weekend childhood cancer survivor family retreat""",parents; siblings; campers,cancer,(ind.) social outcomes; (ind.) emotional outcomes; (ind.) cognitive outcomes,https://doi.org/10.1111/jnu.12320
2015,Beck et al.,"""Professional identity development through service learning a qualitative study of first-year medical students volunteering at a medical specialty camp""",medical staff,(unspec.) health conditions,(ind.) emotional outcomes; (ind.) cognitive outcomes,https://doi.org/10.1177/0009922815571108
2014,Beckwitt,"""Childhood cancer camps their role in adults surviving childhood cancers lives""",campers,cancer,(ind.) social outcomes; (ind.) emotional outcomes; (ind.) cognitive outcomes,https://doi.org/10.1177/1043454213515335
2011,Békési et al,"""Health-related quality of life changes of children and adolescents with chronic disease after participation in therapeutic recreation camping program""",campers,(unspec.) serious illnesses; cancer; diabetes; juvenile idiopathic arthritis,(ind.) cognitive outcomes,https://doi.org/10.1186/1477-7525-9-43
2005,Bergman et al.,"""Medical utilization by immunodeficient, hemophiliac, and HIV positive children during summer camp: Evidence for a safe camper experience""",camp / programming; campers,HIV / AIDS; blood disorders,camp/program description,https://doi.org/10.1002/pbc.20381
2016,Bilhartz et al.,"""Looking outside: Summer camp for children who have undergone a solid-organ transplant""",framework / practice,metabolic diseases,framework / practice,https://doi.org/10.1097/CNQ.0000000000000123
2019,Blanchette et al.,"""Diabetes technology at camp: A rich learning environment""",framework / practice,diabetes,framework / practice,https://doi.org/10.1016/j.pedn.2019.03.006
2007,Blas,"""A specialized program for children with developmental disabilities within a ""typical"" overnight summer camp: Camp Ramah's Tikvah program""",camp / programming; parents; siblings; campers,,camp/program description,https://doi.org/10.1016/j.chc.2007.05.008
2023,Blundell et al.,"""Factors that influence families' decision to send their children to a week-long pediatric oncology camp and thoughts about attending camp""",parents; campers,cancer,(ind.) emotional outcomes; (ind.) cognitive outcomes,https://doi.org/10.1016/j.ejon.2023.102429
2014,Bobzien & Judge,"""Characteristics of peer models at a summer camp for children with autism""",camp staff,autism spectrum disorder,(ind.) social outcomes; (ind.) emotional outcomes; (ind.) cognitive outcomes; (ind.) behavioral outcomes,https://doi.org/10.1108/JME-04-2014-0017
2017,Bolu et al.,"""Assesment of the effect of summer camp on the life quality of diabetic children""",campers,diabetes,(ind.) emotional outcomes; (ind.) physiological outcomes,https://doi.org/10.5455/jtomc.2017.04.061
2010,Bongiovanni et al.,"""Impact of gluten-free camp on quality of life of children and adolescents with celiac disease""",campers,gastrointestinal,(ind.) social outcomes; (ind.) emotional outcomes; (ind.) cognitive outcomes,https://doi.org/10.1542/peds.2009-1862
2019,Brada,"""Between discipline and empowerment: temporal ambivalence at a sleepaway camp for HIV-positive children in Botswana""",camp / programming,HIV / AIDS,camp/program description,https://doi.org/10.1353/anq.2019.0006
2018,Brian et al.,"""Influence of sports camps and vision on perceived motor competence in children and adolescents who are visually impaired""",campers,visual impairment,(ind.) cognitive outcomes; (ind.) behavioral outcomes,https://doi.org/10.1177/0145482X1811200508
2007,Buckner et al.,"""Maturing responsibility in young teens participating in an asthma camp: Adaptive mechanisms and outcomes""",campers,asthma,(ind.) social outcomes; (ind.) emotional outcomes; (ind.) cognitive outcomes,https://doi.org/10.1111/j.1744-6155.2007.00086.x
2013,Bultas et al.,"""Evaluation of child and parent outcomes after a pediatric cardiac camp experience""",parents; campers,heart disease,(ind.) social outcomes; (ind.) emotional outcomes; (ind.) cognitive outcomes; (ind.) physiological outcomes,https://doi.org/10.1111/jspn.12040
2014,Bultas et al.,"""Psychosocial outcomes of a summer overnight recreational experience for children with heart disease""",parents; campers,heart disease,(ind.) social outcomes; (ind.) emotional outcomes; (ind.) cognitive outcomes,https://doi.org/10.1177/1367493514540350
2016,Bultas et al.,"""Psychosocial outcomes of participating in pediatric diabetes camp""",parents; campers,diabetes,(ind.) social outcomes; (ind.) emotional outcomes; (ind.) cognitive outcomes,https://doi.org/10.1111/phn.12218
2015,Burbage et al.,"""An evaluation of a juvenile idiopathic arthritis retreat for families""",parents; siblings; campers,juvenile idiopathic arthritis,(ind.) social outcomes; (ind.) cognitive outcomes,https://doi.org/10.1186/s12969-015-0010-3
2021,Butterworth et al.,"""The impact of volunteering at a family camp for children and adolescents with cancer: The experience of pediatric intensive care nurses""",medical staff,cancer,(ind.) social outcomes; (ind.) emotional outcomes; (ind.) cognitive outcomes,https://doi.org/10.1097/NNA.0000000000001058
2013,Carlson et al.,"""Blood glucose levels in children with type 1 diabetes attending a residential diabetes camp: A 2-year review""",campers,diabetes,(ind.) physiological outcomes,https://doi.org/10.1111/dme.12070
2024,Caron et al.,"""Camp Abilities: An educational sports camp for children and youth with visual impairment: A systematic review""",literature review,visual impairment,literature review,
2020,Chan et al.,"""Adventure therapy for child, adolescent, and young adult cancer patients: A systematic review""",literature review,cancer,literature review,https://doi.org/10.1007/s00520-020-05642-3
2020,Cherven et al.,"""Nurse-patient connectedness and nurses' professional quality of life: Experiences of volunteering at a pediatric oncology camp""",medical staff,cancer,(ind.) emotional outcomes; (ind.) cognitive outcomes,https://doi.org/10/gtts8b
2006,Cheung et al.,"""Quality of life in adolescents with type 1 diabetes who participate in diabetes camp""",campers,diabetes,(ind.) physiological outcomes,https://doi.org/10.1177/10598405060220010901
2008,Choleau et al.,"""High day-to-day glucose variability: A frequent phenomenon in children and adolescents with type 1 diabetes attending summer camp""",campers,diabetes,(ind.) physiological outcomes,https://doi.org/10.1016/j.diabet.2007.12.002
2011,Clark & Nwokah,"""Play and learning in summer camps for children with special needs""",literature review,,literature review,
2021,Coats et al.,"""Parent observations at family diabetes camp: An impact study""",parents,diabetes,(ind.) social outcomes; (ind.) emotional outcomes; (ind.) cognitive outcomes; (ind.) behavioral outcomes,https://doi.org/10.2979/rptph.5.1.06
2009,Conrad et al.,"""Specialized summer camp for children with cancer: Social support and adjustment""",parents; campers,cancer,(ind.) social outcomes,https://doi.org/10.1177/1043454209334418
2007,Cushner-Weinstein et al.,"""The benefits of a camp designed for children with epilepsy: Evaluating adaptive behaviors over 3 years""",campers,epilepsy,(ind.) social outcomes; (ind.) cognitive outcomes,https://doi.org/10/ctrmv2
2021,Darukhanavala et al.,"""Association between attendance at an American diabetes camp and improvements in glycaemic control and treatment satisfaction""",campers,diabetes,(ind.) physiological outcomes,https://doi.org/10.1002/edm2.254
2009,Dawson & Liddicoat,"""""Camp gives me hope"": Exploring the therapeutic use of community for adults with cerebral palsy""",campers,cerebral palsy,(ind.) social outcomes; (ind.) emotional outcomes; (ind.) behavioral outcomes,
2012,Dawson et al.,"""Camp war buddies: Exploring the therapeutic benefits of social comparison in a pediatric oncology camp""",campers,cancer,(ind.) social outcomes; (ind.) emotional outcomes,
2018,Dawson et al.,"""A network analysis of youth with physical disabilities attending a therapeutic camp""",campers,(unspec.) disabilities; muscular dystrophy; cerebral palsy; spina bifida,(ind.) social outcomes,https://doi.org/10/gg3cj5
2017,Dawson,"""Social inoculation and the extinguishing effects of pediatric medical camps: Proposing a framework for the other 51 weeks""",framework / practice,medical specialty camp,framework / practice,https://doi.org/10/gttz2s
2016,Dehayem et al.,"""Impact of a pioneer diabetes camp experience on glycemic control among children and adolescents living with type 1 diabetes in sub-Saharan Africa""",campers,diabetes,(ind.) behavioral outcomes; (ind.) physiological outcomes,https://doi.org/10.1186/s12902-016-0086-x
2014,Desai et al.,"""A qualitative study exploring the psychosocial value of weekend camping experiences for children and adolescents with complex heart defects""",campers,heart defects,(ind.) social outcomes; (ind.) emotional outcomes,https://doi.org/10.1111/cch.12056
2010,Devine & Dawson,"""The effect of a residential camp experience on self esteem and social acceptance of youth with craniofacial differences""",campers,craniofacial differences,(ind.) social outcomes,
2015,Devine et al.,"""The role of a disability-specific camp in promoting social acceptance and quality of life for youth with hearing impairment""",campers,hearing impairment,(ind.) social outcomes; (ind.) physiological outcomes,https://doi.org/10/gfvt5r
2018,DiDomizio et al.,"""Perceptions of health care professionals on the effects of residential summer camp in their patients""",medical staff,(unspec.) serious illnesses,(ind.) social outcomes; (ind.) cognitive outcomes,https://doi.org/10.1016/j.pedn.2018.03.008
2019,Driscoll et al.,"""Camp-based psychosocial intervention dosage and changes in independence in young people with spina bifida""",campers,spina bifida,(ind.) cognitive outcomes; (ind.) behavioral outcomes,https://doi.org/10.1111/dmcn.14250
2015,Eaton et al.,"""Predictors of experiences and attitudes at a summer camp for children and adolescents with Tourette syndrome""",parents; campers,Tourette syndrome,(ind.) emotional outcomes; (ind.) cognitive outcomes; (ind.) behavioral outcomes,https://doi.org/10.1080/02739615.2014.948159
2016,Eaton et al.,"""Changes in socio-emotional and behavioral functioning after attending a camp for children with Tourette syndrome: A preliminary investigation""",parents; campers,Tourette syndrome,(ind.) social outcomes; (ind.) emotional outcomes; (ind.) behavioral outcomes,https://doi.org/10.1007/s10802-015-0105-9
2005,Epstein et al.,"""The effects of camp on health-related quality of life in children with chronic illnesses: A review of the literature""",literature review; campers,,literature review,https://doi.org/10.1177/1043454204273881
2019,Evangeli et al.,"""A longitudinal evaluation of an intensive residential intervention (camp) for 12-16 year olds living with HIV in the UK: Evidence of psychological change maintained at six month follow-up""",campers,HIV / AIDS,(ind.) emotional outcomes; (ind.) cognitive outcomes; (ind.) behavioral outcomes,https://doi.org/10.1080/09540121.2018.1503635
2019,Evangeli et al.,"""""It was giving them a feeling that they're not alone in this"": Perspectives of caregivers and clinicians on a camp for UK adolescents with HIV""",medical staff; parents; campers,HIV / AIDS,(ind.) social outcomes; (ind.) emotional outcomes; (ind.) cognitive outcomes,https://doi.org/10.1016/j.childyouth.2019.05.006
2016,Evoy et al.,"""Volunteering as medical staff at a diabetes summer camp as a component of a pharmacy residency program""",camp / programming; medical staff,diabetes,camp/program description,https://doi.org/10.1016/j.cptl.2016.02.018
2019,Faith et al.,"""Improvements in hope and beliefs about illness following a summer camp for youth with chronic illnesses""",campers,(unspec.) serious illnesses; cancer; sickle cell disease; renal disease; heart disease,(ind.) emotional outcomes,https://doi.org/10.1016/j.pedn.2018.10.016
2021,Faith et al.,"""Improvements in psychosocial outcomes following a summer camp for youth with bleeding disorders and their siblings""",siblings; campers,blood disorders,(ind.) emotional outcomes; (ind.) cognitive outcomes,https://doi.org/10.1016/j.pedn.2021.05.001
2016,Fegan-Bohm et al.,"""Camp for youth with type 1 diabetes""",camp / programming,diabetes,camp/program description,https://doi.org/10.1007/s11892-016-0759-x
2020,Ferrari et al,"""Assessing disparities in barriers to attending pediatric diabetes camp""",parents; campers,diabetes,(ind.) social outcomes; (ind.) cognitive outcomes,https://doi.org/10.1515/jpem-2020-0348
2019,Flynn et al.,"""Residential summer camp for youth with special needs: A longitudinal approach to investigating differences in social skills""",campers,(unspec.) disabilities; ADHD / OCD; autism spectrum disorder,(ind.) social outcomes; (ind.) emotional outcomes; (ind.) behavioral outcomes,https://doi.org/10.1016/j.childyouth.2018.10.036
2020,Foley et al.,"""The impact of a summer sports camp for children with visual impairments on the self-efficacy of physical education pre-service teachers: A pilot study""",camp staff,visual impairment,(ind.) cognitive outcomes,https://doi.org/10.5507/euj.2019.011
2017,Fort et al.,"""Adolescent summer camp volunteers' attitudes toward peers with disabilities""",camp staff,(unspec.) disabilities; muscular dystrophy; ADHD / OCD; autism spectrum disorder; cerebral palsy,(ind.) social outcomes; (ind.) emotional outcomes; (ind.) cognitive outcomes,https://doi.org/10.1080/01490400.2016.1171740
2017,Furtado et al.,"""Sport summer camp for children and youth with visual impairment: Descriptive case study of Camp Abilities""",camp / programming; camp staff,visual impairment,camp/program description,https://doi.org/10.1177/0264619616685374
2018,Furtado et al.,"""The outcomes of running a sport camp for children and youth with visual impairments on faculty members' teaching, research, and service activities: A case study""",camp / programming; camp staff,visual impairment,camp/program description,https://doi.org/10.1080/17430437.2016.1225851
2019,Gagnon et al.,"""Tough decisions in medical specialty camps: Relationships between camp dosage, outcomes, and camper attendance""",campers,diabetes,(ind.) social outcomes; (ind.) emotional outcomes; (ind.) cognitive outcomes,https://doi.org/10/gkgfbp
2024,Gagnon et al.,"""Developmental differences in reported overparenting, autonomy, and glucose monitoring within a medical specialty camp context""",campers,diabetes,(ind.) social outcomes; (ind.) behavioral outcomes; (ind.) physiological outcomes,https://doi.org/10.1177/02654075231173459
2010,Gaskell et al.,"""A Pan-European evaluation of residential burns camps for children and young people""",camp staff; parents; campers,burn,(ind.) social outcomes; (ind.) emotional outcomes; (ind.) cognitive outcomes; (ind.) behavioral outcomes,https://doi.org/10.1016/j.burns.2009.06.192
2007,Gaskell,"""The challenge of evaluating rehabilitative activity holidays for burn-injured children: Qualitative and quantitative outcome data from a Burns Camp over a five-year period""",camp staff; parents; campers,burn,(ind.) social outcomes; (ind.) emotional outcomes; (ind.) cognitive outcomes,https://doi.org/10.1080/13638490701217610
2012,Gerber et al.,"""The impact of a multimodal Summer Camp Training on neuropsychological functioning in children and adolescents with ADHD: An exploratory study""",campers,ADHD / OCD,(ind.) emotional outcomes; (ind.) behavioral outcomes,https://doi.org/10.1080/09297049.2011.599115
2016,Gill et al.,"""Outdoor adventure therapy to increase physical activity in young adult cancer survivors""",campers,cancer,(ind.) behavioral outcomes,https://doi.org/10.1080/07347332.2016.1157718
2013,Gillard &  Watts,"""Program features and developmental experiences at a camp for youth with cancer""",camp / programming; camp staff; campers,cancer,camp/program description,https://doi.org/10.1016/j.childyouth.2013.02.017
2016,Gillard & Allsop,"""Camp experiences in the lives of adolescents with serious illnesses""",campers,(unspec.) serious illnesses; metabolic diseases; sickle cell disease; HIV / AIDS; cancer,(ind.) social outcomes; (ind.) emotional outcomes; (ind.) cognitive outcomes,https://doi.org/10/f8p5wf
2020,Gillard & Axtmayer,"""Measuring youth outcomes over six years at a medical specialty camp""",camp / programming,medical specialty camp; (unspec.) serious illnesses; sickle cell disease; blood disorders; cancer,camp/program description,
2017,Gillard & Roark,"""Does staff training on camper friendship skills make a difference to campers with serious illness""",camp staff; campers,(unspec.) serious illnesses; sickle cell disease; HIV / AIDS; cancer,(ind.) social outcomes; (ind.) cognitive outcomes,https://doi.org/10.18666/JPRA-2017-V35-I4-8004
2011,Gillard et al.,"""Outcomes and processes at a camp for youth with HIV / AIDS""",camp staff; campers,HIV / AIDS,(ind.) social outcomes; (ind.) emotional outcomes; (ind.) cognitive outcomes,https://doi.org/10.1177/1049732311413907
2022,Gillard et al.,"""Sense of mastery and attitude towards illness: Examining longitudinal benefits of a medical specialty camp for youth with sickle cell disease""",campers,sickle cell disease,(ind.) emotional outcomes; (ind.) cognitive outcomes,https://doi.org/10.1177/13591045221145425
2023,Gillard et al.,"""Medical specialty camp alumni perceptions of outcomes and experiences""",campers,medical specialty camp; cancer; blood disorders; gastrointestinal; cognitive impairments,(ind.) social outcomes; (ind.) emotional outcomes; (ind.) cognitive outcomes; (ind.) behavioral outcomes,https://doi.org/10/gttz2r
2016,Gillard,"""Identity awareness through outdoor activities for adolescents with serious illnesses""",campers,(unspec.) serious illnesses; blood disorders; sickle cell disease; HIV / AIDS; cancer,(ind.) emotional outcomes; (ind.) cognitive outcomes,https://doi.org/10.1353/roe.2016.0005
2007,Goldbart et al.,"""Effects of rehabilitation winter camps at the Dead Sea on European cystic fibrosis patients""",campers,respiratory conditions,(ind.) physiological outcomes,
2005,Goodwin & Staples,"""The meaning of summer camp experiences to youths with disabilities""",parents; campers,(unspec.) disabilities; cerebral palsy; visual impairment; autism spectrum disorder; hearing impairment,(ind.) social outcomes; (ind.) emotional outcomes; (ind.) cognitive outcomes,https://doi.org/10/gp3228
2011,Goodwin et al.,"""Connecting through summer camp: Youth with visual impairments find a sense of community""",campers,visual impairment,(ind.) social outcomes; (ind.) emotional outcomes,https://doi.org/10.1123/apaq.28.1.40
2022,Gregory et al.,"""The influence of a peer support camp on mitigating emotional distress in siblings of children with cancer""",siblings,cancer,(ind.) emotional outcomes,https://doi.org/10.1177/10497323221095478
2022,Gregory et al.,"""The lived experience of siblings of children with cancer who attended a peer support camp in the United States""",siblings,cancer,(ind.) social outcomes; (ind.) emotional outcomes; (ind.) cognitive outcomes,https://doi.org/10.1177/10434542211041929
2014,Griswold et al.,"""Exploring the social impacts of a summer camp for youth with Tourette syndrome""",camp staff; campers,Tourette syndrome,(ind.) social outcomes; (ind.) emotional outcomes,https://doi.org/10.1353/roe.2014.0002
2017,Guest et al.,"""Examining the impact of a multi-sport camp for girls ages 8-11 with Autism Spectrum Disorder""",campers,autism spectrum disorder,(ind.) social outcomes; (ind.) cognitive outcomes; (ind.) behavioral outcomes,https://doi.org/10.18666/TRJ-2017-V51-I2-7383
2006,Gunasekera & Ambler,"""Safety and efficacy of blood glucose management practices at a diabetes camp""",campers,diabetes,(ind.) physiological outcomes,https://doi.org/10.1111/j.1440-1754.2006.00948.x
2018,Guness,"""Metabolic control in patients with type1 diabetes attending a residential diabetes camp in Mauritius""",campers,diabetes,(ind.) physiological outcomes,
2018,Gupta et al.,"""Camp-based multi-component intervention for families of young children with type 1 diabetes: A pilot and feasibility study""",parents; campers,diabetes,(ind.) physiological outcomes,https://doi.org/10.1111/pedi.12624
2021,Gürbüz et al.,"""Effects of a Phenylketonuria camp on knowledge and attitudes of adolescents with Phenylketonuria""",campers,metabolic diseases,(ind.) emotional outcomes; (ind.) cognitive outcomes,https://doi.org/10.12956/tchd.812196
2018,Hadi Sulistyo et al.,"""The effect of a foot care camp on diabetic foot care knowledge and the behaviours of individuals with diabetes mellitus""",campers,diabetes,(ind.) cognitive outcomes; (ind.) behavioral outcomes,https://doi.org/10.1177/1744987118765903
2011,Hancock,"""The camp experience for siblings of pediatric cancer patients""",framework / practice; siblings,cancer,framework / practice,https://doi.org/10.1177/1043454211408102
2018,Hanlon et al.,"""Reflections on the development of a therapeutic recreation-based bereavement camp for families whose child has died from serious illness""",camp / programming,(unspec.) serious illnesses,camp/program description,https://doi.org/10.1080/07481187.2017.1407012
2012,Hantson et al.,"""Effectiveness of a therapeutic summer camp for children with ADHD: Phase I clinical intervention trial""",campers,ADHD / OCD,(ind.) social outcomes; (ind.) emotional outcomes; (ind.) behavioral outcomes,https://doi.org/Journal of Attention Disorders
2021,Hasan et al.,"""Changes in glycated haemoglobin, diabetes knowledge, quality of life and anxiety in children and adolescents with type 1 diabetes attending summer camps: A systematic review and meta-analysis""",literature review,diabetes,literature review,https://doi.org/10.1111/pedi.13147
2022,Hassouneh et al.,"""Psychological state of campers and camp counselors with Type 1 Diabetes who have attended Diabetes camp""",camp / programming; camp staff; campers,diabetes,camp/program description,https://doi.org/10.17161/kjm.vol15.14846
2022,Hayun et al.,"""Camp ""Sababa"" (awesome) - The world of children with burns""",campers,burn,(ind.) social outcomes; (ind.) emotional outcomes; (ind.) cognitive outcomes,https://doi.org/10.1016/j.burns.2021.04.017
2010,Heike et al.,"""Craniofacial summer camp""",campers,craniofacial differences,(ind.) social outcomes; (ind.) emotional outcomes,https://doi.org/10.1097/PSN.0b013e3181cfe631
2006,Hill & Sibthorp,"""Autonomy support at Diabetes camp: A self determination theory approach to therapeutic recreation""",campers,diabetes,(ind.) social outcomes; (ind.) cognitive outcomes; (ind.) behavioral outcomes,https://doi.org/
2015,Hill et al.,"""Measuring the impact of a medical specialty camp: Using self-determination theory""",campers,diabetes,(ind.) cognitive outcomes,https://doi.org/10.18666/TRJ-2015-V49-I4-6308
2019,Hill et al.,"""Family Diabetes camp: Fostering resiliency among campers and parents""",parents; campers,diabetes,(ind.) social outcomes; (ind.) emotional outcomes; (ind.) cognitive outcomes,https://doi.org/10.2337/ds18-0001
2013,Holbein et al.,"""A camp-based psychosocial intervention to promote independence and social function in individuals with Spina Bifida: Moderators of treatment effectiveness""",parents; campers,spina bifida,(ind.) social outcomes; (ind.) emotional outcomes; (ind.) cognitive outcomes; (ind.) behavioral outcomes,https://doi.org/10.1093/jpepsy/jst003
2008,Holsey & Cummings,"""Evaluating a residential asthma camp program and ways to Increase physical activity""",campers,asthma,(ind.) cognitive outcomes,https://doi.org/
2005,Hrenko,"""Remembering Camp Dreamcatcher: Art therapy with children whose lives have been touched by HIV / AIDS""",camp staff,,(ind.) emotional outcomes,https://doi.org/10.1080/07421656.2005.10129464
2006,Hunter et al.,"""Camping programs for children with chronic illness as a modality for recreation, treatment, and evaluation: An example of mission-based program evaluation of a diabetes camp""",camp / programming; camp staff; parents; campers,diabetes,camp/program description,https://doi.org/10.1007/s10880-005-9006-3
2007,Johnson,"""A Diabetes camp as the service-learning capstone experience in a Diabetes concentration""",medical staff,diabetes,(ind.) social outcomes; (ind.) cognitive outcomes; (ind.) behavioral outcomes,
2022,Jong et al.,"""The development and acceptability of a wilderness programme to support the health and well-being of adolescent and young adult cancer survivors: The WAYA Programme""",camp staff; campers,cancer,(ind.) social outcomes; (ind.) emotional outcomes; (ind.) behavioral outcomes,https://doi.org/10.3390/ijerph191912012
2015,Kaboski et al.,"""Brief Report: A pilot summer robotics camp to reduce social anxiety and improve social/vocational skills in adolescents with ASD""",campers,autism spectrum disorder,(ind.) social outcomes; (ind.) emotional outcomes; (ind.) cognitive outcomes,https://doi.org/10.1007/s10803-014-2153-3
2008,Kaminsky et al.,"""Exhaled nitric oxide decreases in association with attendance at an asthma summer cAMP""",campers,asthma,(ind.) physiological outcomes,https://doi.org/10.1080/02770900801971842
2018,Kang et al.,"""Blood glucose control and related factors at a camp for Korean children and adolescents with Type 1 Diabetes""",campers,diabetes,(ind.) physiological outcomes,https://doi.org/10.1080/24694193.2017.1316792
2005,Karagüzel et al.,"""Metabolic control and educational status in children with type 1 diabetes: Effects of a summer camp and intensive insulin treatment""",campers,diabetes,(ind.) cognitive outcomes; (ind.) behavioral outcomes; (ind.) physiological outcomes,https://doi.org/10.1007/s00592-005-0196-9
2017,Kavanaugh et al.,"""""I am no longer alone"": Evaluation of the first North American camp for youth living in families with Huntington's disease""",campers,Huntington's disease,(ind.) social outcomes; (ind.) emotional outcomes; (ind.) cognitive outcomes,https://doi.org/10.1016/j.childyouth.2017.06.029
2023,Kawahara et al.,"""National survey of educational impact on pharmacy learners by volunteering at camps for children with diabetes""",medical staff,diabetes,(ind.) emotional outcomes; (ind.) cognitive outcomes; (ind.) behavioral outcomes,https://doi.org/10.1016/j.cptl.2023.04.005
2020,Kelada et al.,"""Camps for children with cancer and their families: A systematic review of psychosocial and physical impacts""",literature review,cancer,literature review,https://doi.org/10/gpsmtn
2018,Kesavarapu et al.,"""Education, enjoyment, and empowerment: Outcomes of an adolescent transplant camp (I own it)""",campers,transplant,(ind.) cognitive outcomes; (ind.) behavioral outcomes,https://doi.org/10.1111/petr.13236
2005,Kiernan et al.,"""Children's voices: Qualitative data from the 'Barretstown studies'""",campers,(unspec.) serious illnesses,(ind.) social outcomes; (ind.) emotional outcomes; (ind.) behavioral outcomes,https://doi.org/10.1016/j.ijnurstu.2003.05.003
2024,Kietaibl et al.,"""Improved glycemic control during a one-week adventure camp in adolescents with Type 1 Diabetes - The DIACAMP study""",campers,diabetes,(ind.) physiological outcomes,https://doi.org/10.3390/bios14090451
2016,King & Porter,"""Outcomes of camp participation for youth with cancer""",literature review,cancer,literature review,https://doi.org/10.18666/TRJ-2016-V50-I4-7636
2006,Kinsella et al.,"""Safety of summer camp for children with chronic and/or life threatening illness""",camp / programming; campers,cancer,camp/program description,https://doi.org/10.1016/j.ejon.2005.12.009
2015,Knapp et al.,"""Examining perceptions of social acceptance and quality of life of pediatric campers with physical disabilities""",campers,(unspec.) disabilities; spina bifida; cerebral palsy; muscular dystrophy; visual impairment,(ind.) social outcomes; (ind.) emotional outcomes; (ind.) physiological outcomes,https://doi.org/10/gtts8j
2018,Knapp et al.,"""The comfort derived from social comparisons at a camp for youth with neuromuscular disease""",campers,neuromuscular disease,(ind.) social outcomes; (ind.) emotional outcomes,
2020,Kornhaber et al.,"""Burn camps for burns survivors - Realising the benefits for early adjustment: A systematic review""",literature review,burn,literature review,https://doi.org/10.1016/j.burns.2018.12.005
2017,Körver et al.,"""Assessing the experience of social support for parents who attended Camp Trillium's pediatric oncology family program""",parents,cancer,(ind.) social outcomes; (ind.) emotional outcomes; (ind.) cognitive outcomes,https://doi.org/10.1080/07347332.2016.1231731
2006,Kumar,"""Development of a social interaction questionnaire for the trainers and mothers of children with disabilities participating in Dousa-Hou (Japanese psycho-rehabilitation) camps""",camp staff; parents,autism spectrum disorder; cerebral palsy; (unspec.) disabilities,(ind.) social outcomes,https://doi.org/10.2466/PR0.99.6.591-598
2014,Laing & Moules,"""Stories from cancer camp: Tales of glitter and gratitude""",parents; siblings; campers,cancer,(ind.) social outcomes; (ind.) emotional outcomes; (ind.) cognitive outcomes,https://doi.org/10.11575/jah.v0i0.53235.g40605
2014,Laing & Moules,"""Children's cancer camps: A sense of community, a sense of family""",parents; siblings; campers,cancer,(ind.) social outcomes; (ind.) emotional outcomes,https://doi.org/10.1177/1074840714520717
2015,Laing & Moules,"""Children's cancer camps: A way to understand grief differently""",parents; siblings; campers,cancer,(ind.) social outcomes; (ind.) emotional outcomes,https://doi.org/10.1177/0030222815572605
2016,Laing & Moules,"""""It's not Just Camp!"": Understanding the meaning of children's cancer camps for children and families""",camp staff; parents; siblings; campers,cancer,(ind.) social outcomes; (ind.) emotional outcomes; (ind.) cognitive outcomes,https://doi.org/10.1177/1043454214563934
2021,Lake et al.,"""The impact of therapeutic camp on children with congenital hand differences""",campers,congenital hand differences,(ind.) social outcomes; (ind.) emotional outcomes; (ind.) physiological outcomes,https://doi.org/10.1080/23311908.2021.1938439
2007,Laura et al.,"""Decreases in anxiety associated with participation in a camp for children with cardiac defects""",parents; campers,heart defects,(ind.) emotional outcomes,https://doi.org/10.1017/s1047951107001485
2016,Lee et al.,"""Concept mapping analysis of social skills camp experience for children with disabilities""",campers,ADHD / OCD; (unspec.) disabilities,(ind.) social outcomes; (ind.) emotional outcomes; (ind.) cognitive outcomes; (ind.) behavioral outcomes,https://doi.org/10.1017/cha.2015.41
2008,Lin et al.,"""Exercise behavior in asthmatic children: Effects of a summer camp fitness program in Taiwan""",parents; campers,asthma,(ind.) behavioral outcomes,https://doi.org/10.1016/S1607-551X(08)70156-6
2016,Lindsey,"""Therapeutic camps and their impact on the family of children with special health care needs: A mixed method study""",parents,(unspec.) health conditions; autism spectrum disorder; down syndrome; cerebral palsy,(ind.) social outcomes; (ind.) emotional outcomes; (ind.) cognitive outcomes; (ind.) behavioral outcomes,https://doi.org/10.4236/ojn.2016.69074
2009,Loach,"""A pilot study to stabilize normoglycemia during an educational camp for children and adolescents with type 1 diabetes mellitus""",campers,diabetes,(ind.) physiological outcomes,https://doi.org/10.1016/S1557-0843(09)80030-4
2020,Lopez et al.,"""Impact of a camp upon disease-specific knowledge and quality of life in children and adolescents with Inflammatory Bowel Disease""",campers,gastrointestinal,(ind.) cognitive outcomes; (ind.) physiological outcomes,https://doi.org/10/gtts79
2017,Lut et al.,"""""When I went to camp, it made me free"": A longitudinal qualitative study of a residential intervention for adolescents living with HIV in the UK""",campers,HIV / AIDS,(ind.) social outcomes; (ind.) emotional outcomes; (ind.) cognitive outcomes; (ind.) behavioral outcomes,https://doi.org/10.1016/j.childyouth.2017.07.002
2020,Luzinat et al.,"""The experience of a recreational camp for families with a child or young person with acquired brain injury""",parents,acquired brain injury,(ind.) social outcomes; (ind.) emotional outcomes; (ind.) cognitive outcomes,https://doi.org/10.1080/09602011.2018.1461657
2008,Maertens et al.,"""The expectations and experiences of children attending Burn Camps: A qualitative study""",camp staff; parents; campers,burn,(ind.) social outcomes; (ind.) emotional outcomes; (ind.) cognitive outcomes,https://doi.org/10.1097/BCR.0b013e31817108b5
2013,Makaroff et al.,"""Let's go to camp! An innovative pediatric practice placement""",camp / programming,,camp/program description,https://doi.org/10.1016/j.pedn.2012.12.007
2019,Mallett et al.,"""Role of asthma camp in improving the overall health of children with asthma""",campers,asthma,(ind.) physiological outcomes,https://doi.org/10/gtts75
2019,Mann et al.,"""Establishing the incidence and timing of hypoglycemia at a residential diabetes camp""",campers,diabetes,(ind.) physiological outcomes,https://doi.org/10.1016/j.diabres.2019.04.003
2018,Manning et al.,"""Young adult counselors with diabetes at diabetes camps: The effect of being a peer mentor on counselors' health behavior""",camp staff,diabetes,(ind.) physiological outcomes,https://doi.org/10.5195/jyd.2018.540
2008,Martinez et al.,"""Development of a cancer camp for adult Spanish-speaking survivors: Lessons learned from Camp Alegria""",campers,cancer,(ind.) emotional outcomes; (ind.) cognitive outcomes,https://doi.org/10.1080/08858190701818234
2014,Martiniuk et al.,"""Camper learning and friendship at pediatric oncology camps in North America""",campers,cancer,(ind.) social outcomes; (ind.) emotional outcomes,https://doi.org/10.1080/07347332.2013.874001
2014,Martiniuk et al.,"""Camp programs for children with cancer and their families: Review of research progress over the past decade""",literature review,cancer,literature review,https://doi.org/10.1002/pbc.24912
2017,Martins et al.,"""Being normal, not vulnerable: Case study of a 2-day residential programme for young adults with cancer""",camp staff; medical staff,cancer,(ind.) social outcomes; (ind.) emotional outcomes; (ind.) cognitive outcomes; (ind.) behavioral outcomes,https://doi.org/10.1136/bmjopen-2016-015309
2009,Maslow & Lobato,"""Diabetes summer camps: History, safety, and outcomes""",literature review,diabetes,literature review,https://doi.org/10.1111/j.1399-5448.2008.00467.x
2010,Maslow & Lobato,"""Summer camps for children with burn injuries: A literature review""",literature review,burn,literature review,https://doi.org/10.1097/BCR.0b013e3181eebec4
2021,Mattsson et al.,"""Empowered by intertwined theory and practice: Experiences from a diabetes sports camp for physically active adults with type 1 diabetes""",campers,diabetes,(ind.) emotional outcomes; (ind.) cognitive outcomes; (ind.) behavioral outcomes; (ind.) physiological outcomes,https://doi.org/10.3389/fcdhc.2021.655238
2007,McAuliffe-Fogarty et al.,"""Medical specialty camps for youth with diabetes""",camp / programming,diabetes,camp/program description,https://doi.org/10.1016/j.chc.2007.05.006
2006,McAvoy et al.,"""Outdoor adventure programming for individuals with cognitive disabilities who present serious accommodation challenges""",campers,(unspec.) disabilities; acquired brain injury,(ind.) social outcomes; (ind.) emotional outcomes; (ind.) behavioral outcomes,
2017,McCombie et al.,"""Enhancements in confidence, acceptance, and friendship at a summer camp for children with Inflammatory Bowel Disease""",campers,gastrointestinal,(ind.) social outcomes; (ind.) emotional outcomes; (ind.) physiological outcomes,https://doi.org/10.1097/MPG.0000000000001526
2018,McPherson et al.,"""""Ready to take on the world"": Experiences and understandings of independence after attending residential immersive life skills programs for youth with physical disabilities""",campers,(unspec.) disabilities; cerebral palsy; spina bifida; muscular dystrophy,(ind.) social outcomes; (ind.) emotional outcomes; (ind.) cognitive outcomes,https://doi.org/10.3109/17518423.2016.1141254
2005,Meltzer et al.,"""Oncology summer camp: Benefits of social comparison""",campers,cancer,(ind.) social outcomes; (ind.) emotional outcomes,https://doi.org/10.1207/s15326888chc3404_5
2018,Meltzer et al.,"""Benefits of disease-specific summer camps: Results from quantitative and qualitative studies at Roundup River Ranch""",campers,(unspec.) serious illnesses; cancer; kidney disease; gastrointestinal,(ind.) social outcomes; (ind.) emotional outcomes; (ind.) cognitive outcomes,https://doi.org/10.1016/j.childyouth.2018.04.046
2011,Miller et al.,"""Insulin dose changes in children attending a residential diabetes camp""",campers,diabetes,(ind.) physiological outcomes,https://doi.org/10.1111/j.1464-5491.2010.03220.x
2023,Modi et al.,"""Virtual and in-person day camps for the craniofacial community""",campers,craniofacial differences,(ind.) social outcomes; (ind.) cognitive outcomes,https://doi.org/10.1097/sap.0000000000003402
2014,Moola et al.,"""The psychological and social impact of camp for children with chronic illnesses: A systematic review update""",literature review,,literature review,https://doi.org/10.1111/cch.12114
2015,Moola et al.,"""Kids with special hearts: The experience of children with congenital heart disease at Camp Willowood""",campers,heart disease,(ind.) social outcomes; (ind.) behavioral outcomes,https://doi.org/10.1080/2159676x.2014.926968
2023,Moola et al.,"""The complexity of cancer: How young people with cancer navigate the self, social world, and camp""",campers,cancer,(ind.) social outcomes; (ind.) emotional outcomes; (ind.) cognitive outcomes,https://doi.org/10.1007/s43545-023-00609-7
2006,Moons et al.,"""Improved perceived health status persists three months after a special sports camp for children with congenital heart disease""",campers,heart disease,(ind.) emotional outcomes; (ind.) cognitive outcomes; (ind.) physiological outcomes,https://doi.org/10.1007/s00431-006-0171-7
2006,Moons et al.,"""Changes in perceived health of children with congenital heart disease after attending a special sports camp""",campers,heart disease,(ind.) emotional outcomes; (ind.) cognitive outcomes; (ind.) physiological outcomes,https://doi.org/10.1007/s00246-005-1021-5
2021,Moran et al.,"""Changes in attitudes toward diabetes in nursing students at diabetes camp""",medical staff,diabetes,(ind.) emotional outcomes; (ind.) cognitive outcomes,https://doi.org/10.1111/phn.12886
2013,Mouton & Bruce,"""Current practices for training staff to accommodate youth with special health care needs in the 4-H camp setting""",camp / programming,(unspec.) health conditions,camp/program description,https://doi.org/10.34068/joe.51.01.33
2019,Mulligan et al.,"""The core features and outcomes of a specialised camp programme for children with life-limiting conditions and their families: A qualitative multi-perspective approach""",camp staff; medical staff; parents,(unspec.) serious illnesses,(ind.) social outcomes; (ind.) emotional outcomes,https://doi.org/10.1177/1367493519875593
2014,Nabors et al.,"""Children's learning and goal-setting at a diabetes camp""",campers,asthma,(ind.) emotional outcomes; (ind.) cognitive outcomes,https://doi.org/10.2337/diaspect.27.4.257
2022,Nagl et al.,"""Time in range in children with type 1 diabetes before and during a diabetes camp-A ceiling effect?""",campers,diabetes,(ind.) physiological outcomes,https://doi.org/10.3390/children9121951
2019,Nagl-Cupal & Prajo,"""It is something special: How children and their parents experience a camp for young people who care for a parent with a severe physical illness""",parents; campers,grief / caregiving,(ind.) social outcomes; (ind.) emotional outcomes,https://doi.org/10.1016/j.childyouth.2019.104560
2018,Narcisse et al.,"""Summer camps for children with sickle cell disease""",literature review,sickle cell disease,literature review,https://doi.org/10.31486/toj.18.0045
2020,Navas?López et al.,"""The effect of the Inflammatory Bowel Disease classroom in nature on the quality of life of patients with Inflammatory Bowel Disease""",campers,gastrointestinal,(ind.) emotional outcomes; (ind.) cognitive outcomes,https://doi.org/10.1097/MPG.0000000000002746
2022,Neill et al.,"""The role of burn camp in the recovery of young people from burn injury: A qualitative study using long-term follow-up interviews with parents and participants""",parents; campers,burn,(ind.) social outcomes; (ind.) emotional outcomes; (ind.) cognitive outcomes,https://doi.org/10.1016/j.burns.2021.09.020
2006,Nesvold et al.,"""Assessing the value of children's asthma camps""",camp / programming; camp staff,asthma,camp/program description,https://doi.org/10.1080/02770900600622794
2019,Neville et al.,"""""A place to call our own"": The impact of camp experiences on the psychosocial wellbeing of children and youth affected by cancer - A narrative review""",literature review,cancer,literature review,https://doi.org/10/gpsmtz
2009,Nicholas et aI.,"""Evaluating group work within a summer camp intervention for children and adolescents with asthma""",campers,asthma,(ind.) emotional outcomes,https://doi.org/10.1080/01609510802527425
2016,Nicholas et al.,"""Evaluation of a family camp intervention for children with a heart transplant and their families""",medical staff; parents; siblings; campers,transplant,(ind.) social outcomes; (ind.) emotional outcomes; (ind.) cognitive outcomes,https://doi.org/10.1080/00981389.2016.1218402
2017,Nicholl et al.,"""Diabetes camp counselors: An exploration of counselor characteristics and quality of life outcomes""",camp staff,diabetes,(ind.) social outcomes; (ind.) emotional outcomes; (ind.) physiological outcomes,https://doi.org/10.1177/0145721717717246
2013,Odar et al.,"""Relationsip between camp attendance and self-perceptions in children with chronic health conditions: A meta-analysis""",literature review,asthma; diabetes; cancer,literature review,https://doi.org/10.1093/jpepsy/jss176
2018,Oden et al.,"""Effects of residential summer camp on body mass index and body composition in type 1 diabetes""",campers,diabetes,(ind.) physiological outcomes,https://doi.org/10.1111/pedi.12649
2021,Ohanian et al.,"""Stress and coping in youth with spina bifida: A brief longitudinal study in a summer camp setting""",parents; campers,spina bifida,(ind.) emotional outcomes,https://doi.org/10.3389/fpsyg.2021.682169
2010,O'Mahar et al.,"""A camp-based intervention targeting independence among individuals with spina bifida""",campers,spina bifida,(ind.) emotional outcomes; (ind.) cognitive outcomes; (ind.) behavioral outcomes,https://doi.org/10.1093/jpepsy/jsp125
2005,Öne? et al.,"""The first camps in Turkey for asthmatic children: Six years' experience""",medical staff; campers,asthma,(ind.) emotional outcomes; (ind.) cognitive outcomes; (ind.) physiological outcomes,
2020,Ortiz La Banca et al.,"""A fun way to learn about diabetes: Using therapeutic play in a Brazilian camp""",camp staff; campers,diabetes,(ind.) social outcomes; (ind.) cognitive outcomes; (ind.) behavioral outcomes,https://doi.org/10.1016/j.pedn.2020.02.002
2005,Packman et al.,"""Siblings of pediatric cancer patients: The quantitative and qualitative nature of quality of life""",parents; siblings,cancer,(ind.) social outcomes; (ind.) emotional outcomes; (ind.) cognitive outcomes; (ind.) physiological outcomes,https://doi.org/10.1300/j077v23n01_06
2008,Packman et al.,"""Projective drawings as measures of psychosocial functioning in siblings of pediatric cancer patients from the Camp Okizu study""",parents; siblings,cancer,(ind.) social outcomes; (ind.) emotional outcomes,https://doi.org/10.1177/1043454207311915
2021,Papp et al.,"""Health acceptance through camp: Qualitative data from a Central-European therapeutic recreational based camp for seriously ill children""",campers,(unspec.) serious illnesses; cancer; blood disorders; diabetes; juvenile idiopathic arthritis,(ind.) social outcomes; (ind.) emotional outcomes; (ind.) cognitive outcomes,https://doi.org/10.5708/EJMH.16.2021.2.6
2023,Papp et al.,"""Acquiring life skills at therapeutic recreational based camp among Hungarian youth""",campers,(unspec.) serious illnesses; cancer; blood disorders; diabetes; juvenile idiopathic arthritis,(ind.) social outcomes; (ind.) emotional outcomes; (ind.) cognitive outcomes,https://doi.org/10.1016/j.childyouth.2023.106999
2017,Park et al.,"""Diabetes camp as continuing education for diabetes self-management in middle-aged and elderly people with type 2 diabetes mellitus""",campers,diabetes,(ind.) physiological outcomes,https://doi.org/10.4093/dmj.2017.41.2.99
2023,Pathmalingam et al.,"""Anything but simple: The disclosure practices of children with cancer in residential camp and non-camp settings""",campers,cancer,(ind.) social outcomes; (ind.) emotional outcomes; (ind.) cognitive outcomes,https://doi.org/10.1080/02739615.2022.2060831
2021,Patterson et al.,"""The development and process evaluation of PEER: A camp-based programme for adolescents impacted by cancer""",camp staff; campers,cancer,(ind.) social outcomes; (ind.) emotional outcomes; (ind.) physiological outcomes,https://doi.org/10.1007/s10826-021-02061-8
2021,Paul Yan et al.,"""Impact of a residential summer camp experience on children with sickle cell disease""",campers,sickle cell disease,(ind.) social outcomes; (ind.) emotional outcomes; (ind.) behavioral outcomes,https://doi.org/10.23750/abm.v92i6.12009
2010,Peipert et al.,"""Changes in metabolic control of Phenylketonuria in children attending a summer camp pre- and postassessment of a nutritional intervention""",campers,metabolic diseases,(ind.) social outcomes; (ind.) cognitive outcomes; (ind.) behavioral outcomes; (ind.) physiological outcomes,https://doi.org/10.1177/1941406410364544
2014,Plevinsky et al.,"""Exploring health-related quality of life and social functioning in adolescents with inflammatory bowel diseases after attending camp oasis and participating in a Facebook group""",campers,gastrointestinal,(ind.) social outcomes; (ind.) physiological outcomes,https://doi.org/10.1097/MIB.0000000000000120
2022,Price et al.,"""The effect of an overnight summer camp on the quality of life for individuals who require ventilatory support""",campers,respiratory conditions,(ind.) social outcomes; (ind.) physiological outcomes,https://doi.org/10.1097/pep.0000000000000911
2013,Provident & Colmer,"""Muscular dystrophy summer camp: A case study of a non-traditional level I fieldwork using a collaborative supervision model""",medical staff,muscular dystrophy,(ind.) emotional outcomes; (ind.) cognitive outcomes; (ind.) behavioral outcomes,https://doi.org/10.3233/wor-121510
2010,Pulgaron et al.,"""A problem-solving intervention for children with persistent asthma: A pilot of a randomized trial at a pediatric summer camp""",parents; campers,asthma,(ind.) cognitive outcomes,https://doi.org/10.1080/02770903.2010.514633
2014,Quinn et al.,"""The role of program consistency in a summer therapeutic camp for students with autism spectrum disorder""",campers,autism spectrum disorder,(ind.) behavioral outcomes,https://doi.org/10.5539/jel.v3n3p95
2017,Raber et al.,"""Healthy cooking classes at a children's cancer hospital and patient/survivor summer camps: Initial reactions and feasibility""",camp / programming; parents; campers,cancer,camp/program description,https://doi.org/10.1017/S136898001700060X
2019,Rea et al.,"""A systematic review of therapeutic recreation camp impact on families of children with chronic health conditions""",literature review,,literature review,https://doi.org/10/gtts77
2008,Rhee et al.,"""Pearls and pitfalls of community-based group interventions for adolescents: Lessons learned from an adolescent asthma camp study""",framework / practice; campers,asthma,framework / practice,https://doi.org/10.1080/01460860802272888
2012,Rhee et al.,"""Evaluation of a peer-led asthma self-management program and benefits of the program for adolescent peer leaders""",campers,asthma,(ind.) social outcomes; (ind.) emotional outcomes; (ind.) cognitive outcomes; (ind.) behavioral outcomes,https://doi.org/10.4187/respcare.01488
2017,Rice et al.,"""Summer camp program for children with obsessive compulsive disorder: Description and preliminary observations""",campers,ADHD / OCD,(ind.) emotional outcomes,https://doi.org/10.1016/j.cbpra.2016.03.006
2017,Richardson et al.,"""Applying a positive youth development perspective to observation of bereavement camps for children and adolescents""",,grief / caregiving,(ind.) social outcomes; (ind.) emotional outcomes,https://doi.org/10.1080/15524256.2017.1346544
2012,Rimmer et al.,"""Burn-injured adolescents report gaining multiple developmental benefits and improved life skills as a result of burn camp attendance""",campers,burn,(ind.) emotional outcomes; (ind.) cognitive outcomes; (ind.) behavioral outcomes,https://doi.org/10.1097/BCR.0b013e318242ef11
2007,Rimmer et al,"""Impact of a pediatric residential burn camp experience on burn survivors' perceptions of self and attitudes regarding the camp community""",campers,burn,(ind.) social outcomes; (ind.) emotional outcomes,https://doi.org/10.1097/BCR.0B013E318031A0F4
2008,Ruzic et al.,"""High volume-low intensity exercise camp and glycemic control in diabetic children""",campers,diabetes,(ind.) physiological outcomes,https://doi.org/10.1111/j.1440-1754.2007.01213.x
2022,Saez et al.,"""Therapeutic recreation camps for youth with childhood-onset systemic lupus erythematosus: Perceived psychosocial benefits""",camp staff; parents; campers,lupus erythematosus,(ind.) social outcomes; (ind.) emotional outcomes; (ind.) cognitive outcomes; (ind.) behavioral outcomes,https://doi.org/10.1186/s12969-022-00702-w
2014,Salazar & Heyman,"""Benefits of attending a summer camp for children with inflammatory bowel disease""",campers,gastrointestinal,(ind.) social outcomes; (ind.) emotional outcomes; (ind.) cognitive outcomes,https://doi.org/10.1097/MPG.0000000000000359
2022,Samuels et al.,"""A qualitative investigation of the impact that therapeutic recreational camps have on the psychological wellbeing of siblings of individuals with health conditions""",siblings; campers,(unspec.) health conditions,(ind.) social outcomes; (ind.) emotional outcomes; (ind.) cognitive outcomes,https://doi.org/10.1111/cch.12926
2021,Santaella et al.,"""A descriptive study of United States bleeding disorders camps""",camp / programming; camp staff; medical staff,blood disorders,camp/program description,https://doi.org/10.17225/jhp00171
2005,Santiprabhob et al.,"""Improved glycemic control among Thai children and young adults with type 1 diabetes participating in the diabetes camp""",campers,diabetes,(ind.) physiological outcomes,
2008,Santiprabhob et al.,"""Glycemic control and the psychosocial benefits gained by patients with type 1 diabetes mellitus attending the diabetes camp""",campers,diabetes,(ind.) emotional outcomes; (ind.) physiological outcomes,https://doi.org/10.1016/j.pec.2008.05.023
2012,Santiprabhob et al.,"""Glycemic control, quality of life and self-care behavior among adolescents with type 1 diabetes who attended a diabetes camp""",campers,diabetes,(ind.) social outcomes; (ind.) cognitive outcomes; (ind.) behavioral outcomes; (ind.) physiological outcomes,
2023,Saquib et al.,"""Pediatric burn care: How burn camps survived and thrived during the Coronavirus pandemic""",camp / programming; camp staff,burn,camp/program description,https://doi.org/10.1093/jbcr/irac035
2013,Sattoe et al.,"""Effective peer-to-peer support for young people with end-stage renal disease: A mixed methods evaluation of Camp COOL""",camp staff; medical staff; campers,renal disease,(ind.) social outcomes; (ind.) emotional outcomes; (ind.) cognitive outcomes; (ind.) physiological outcomes,https://doi.org/10.1186/1471-2369-14-279
2018,Sendak et al.,"""Positive youth development at camps for youth with chronic illness: A systematic review of the literature""",literature review,(unspec.) serious illnesses,literature review,https://doi.org/10.5195/jyd.2018.551
2022,Shani et al.,"""The potential benefits of camps for children and adolescents with celiac disease on social support, illness acceptance, and health-related quality of life""",campers,gastrointestinal,(ind.) social outcomes; (ind.) emotional outcomes; (ind.) cognitive outcomes; (ind.) physiological outcomes,https://doi.org/10.1177/1359105320968142
2006,Shelton,"""Therapeutic camps as respite care providers: Benefits for families of children with disabilities""",parents,(unspec.) disabilities; hearing impairment; autism spectrum disorder; ADHD / OCD; down syndrome,(ind.) social outcomes; (ind.) emotional outcomes,
2005,Shepanski et al.,"""Health-related quality of life improves in children and adolescents with inflammatory bowel disease after attending a camp sponsored by the Crohn's and Colitis Foundation of America""",campers,gastrointestinal,(ind.) social outcomes; (ind.) emotional outcomes; (ind.) cognitive outcomes; (ind.) behavioral outcomes,https://doi.org/10.1097/00054725-200502000-00010
2012,Shepard & O'Neill,"""Intervention of hope: Sustaining caregivers of children with FASD through therapeutic psychoeducational camps""",parents,fetal alcohol spectrum disorders,(ind.) social outcomes; (ind.) emotional outcomes,https://doi.org/10.29173/cjfy16519
2011,Shetty et al.,"""Characteristics of children attending asthma camp in Nevada""",parents; campers,asthma,(ind.) cognitive outcomes; (ind.) behavioral outcomes,
2006,Sidhu et al.,"""The effectiveness of a peer support camp for siblings of children with cancer""",siblings,cancer,(ind.) social outcomes; (ind.) emotional outcomes; (ind.) cognitive outcomes,https://doi.org/10.1002/pbc.20653
2020,Simpson et al.,"""Even if it's flawed its still beautiful': Life lessons learned by adolescents with neurological conditions at summer camp""",campers,cognitive impairments,(ind.) social outcomes; (ind.) emotional outcomes; (ind.) cognitive outcomes,https://doi.org/10.1080/09687599.2021.1994372
2023,Singh et al.,"""IBD Camp Oasis: A look at participants' social emotional well-being and protective factors during camp and beyond""",parents; campers,gastrointestinal,(ind.) social outcomes; (ind.) emotional outcomes; (ind.) cognitive outcomes; (ind.) behavioral outcomes,https://doi.org/10.1093/crocol/otad042
2023,Skoufa et al.,"""Effects of a diabetes sports summer camp on the levels of physical activity and dimensions of health-related quality of life in young patients with diabetes mellitus type 1: A randomized controlled trial""",campers,diabetes,(ind.) behavioral outcomes; (ind.) physiological outcomes,https://doi.org/10.3390/children10030456
2013,Smith et al.,"""The effects of an interdependent group oriented contingency and performance feedback on the praise statements of pre-service teachers during a summer day-camp for children with disabilities""",camp staff,autism spectrum disorder; cerebral palsy; (unspec.) disabilities,(ind.) behavioral outcomes,https://doi.org/10.1037/h0100969
2020,Smith & Moran,"""Measuring quality of life in adolescents with type 1 diabetes at a diabetes camp""",campers,diabetes,(ind.) emotional outcomes; (ind.) cognitive outcomes; (ind.) physiological outcomes,https://doi.org/
2017,Soeda et al.,"""A report on the positive response to an outdoor nature challenge of a snow camp for young liver transplant patients""",campers,transplant,(ind.) social outcomes; (ind.) emotional outcomes; (ind.) behavioral outcomes; (ind.) physiological outcomes,https://doi.org/10.1016/j.transproceed.2016.10.020
2011,Soenggono et al.,"""Glycemic control in diabetic children and adolescents after attending diabetic camp""",campers,diabetes,(ind.) physiological outcomes,https://doi.org/10.14238/pi51.5.2011.294-7
2022,Sommanus et al.,"""Effects of an asthma education camp program on quality of life and asthma control among Thai children with asthma: A quasi-experimental study""",campers,asthma,(ind.) behavioral outcomes; (ind.) physiological outcomes,https://doi.org/10.3390/healthcare10081561
2012,Sullivan-Bolyai et al.,"""Educating diabetes camp counselors with a human patient simulator: A pilot study""",camp staff,diabetes,(ind.) emotional outcomes; (ind.) cognitive outcomes,https://doi.org/10.1111/j.1744-6155.2011.00322.x
2007,Tabori et al.,"""Low prevalence of complications in severe neutropenic children with cancer in the unprotected environment of an overnight camp""",campers,cancer,(ind.) behavioral outcomes; (ind.) physiological outcomes,https://doi.org/10.1002/pbc.20757
2023,Thomlinson et al.,"""Psychological evaluation of a residential children's burns camp programme: A ten-year evaluation""",campers,burn,(ind.) social outcomes; (ind.) emotional outcomes; (ind.) behavioral outcomes; (ind.) physiological outcomes,https://doi.org/10.3390/ebj4030033
2006,Tiemens et al.,"""A therapeutic camp weekend for adolescents with craniofacial differences""",camp / programming; campers,craniofacial differences,camp/program description,
2007,Tiemens et al.,"""Evaluation of a therapeutic camp program for adolescents with a facial difference""",parents; campers,craniofacial differences,(ind.) social outcomes; (ind.) emotional outcomes,https://doi.org/10.1300/J009v30n02_06
2017,Tindall et al.,"""Physical activity levels of children with visual impairments during an adapted sports camp""",campers,visual impairment,(ind.) behavioral outcomes,https://doi.org/10.1177/0264619616674334'
2006,Török et al.,"""Adolescent health brief outcome effectiveness of therapeutic recreation camping program for adolescents living with cancer and diabetes""",campers,cancer; diabetes,(ind.) emotional outcomes,https://doi.org/10.1016/j.jadohealth.2005.12.018
2021,Troncone et al.,"""Psychological outcomes in children and early adolescents with type 1 diabetes following pediatric diabetes summer camp: A 3-month follow-up study""",parents; campers,diabetes,(ind.) social outcomes; (ind.) emotional outcomes; (ind.) physiological outcomes,https://doi.org/10.3389/fped.2021.650201
2017,Tropez-Arceneaux et al.,"""The psychological impact of first burn camp in Nicaragua""",camp / programming; campers,burn,camp/program description,https://doi.org/10.1097/BCR.0000000000000465
2020,Valenzuela et al.,"""Racial ethnic disparities in youth with type 1 diabetes participating in diabetes summer camps""",camp / programming; campers,diabetes,camp/program description,https://doi.org/10.2337/dc19-1502
2021,Walker & Lippard,"""Adolescent cancer survivors' oncology camp experience""",campers,cancer,(ind.) social outcomes; (ind.) emotional outcomes,https://doi.org/10.55591/001c.27915
2009,Walker & Pearman,"""Therapeutic recreation camps: An effective intervention for children and young people with chronic illness?""",literature review,asthma; cancer; diabetes; respiratory conditions,literature review,https://doi.org/10.1136/adc.2008.145631
2010,Walker et al.,"""Therapist and parent ratings of changes in adaptive social skills following a summer treatment camp for children with autism spectrum disorders: A preliminary study""",campers,autism spectrum disorder,(ind.) social outcomes; (ind.) behavioral outcomes,https://doi.org/10.1007/s10566-010-9110-x
2008,Wang et al.,"""Improved glycemic control in adolescents with type 1 diabetes mellitus who attend diabetes camp""",parents; campers,diabetes,(ind.) behavioral outcomes; (ind.) physiological outcomes,https://doi.org/10.1111/j.1399-5448.2007.00285.x
2019,Wanless et al.,"""A comparison of adherence to antiretroviral therapy amongst adolescent patients of the Baylor International Pediatric AIDS Initiative Children's Centers of Excellence before and after attendance at recreational therapy camp""",campers,HIV / AIDS,(ind.) behavioral outcomes,https://doi.org/10.1080/17450128.2019.1626522
2024,Wedege et al.,"""Enriching the lives of children with acquired brain injury and their caregivers: Experiences from peer mentorship sports camps""",parents; campers,acquired brain injury,(ind.) social outcomes; (ind.) emotional outcomes; (ind.) cognitive outcomes,https://doi.org/10.3389/fresc.2024.1285742
2017,Weissberg-Benchell & Rychlik,"""Diabetes camp matters: Assessing families' views of their diabetes camp experience""",parents; campers,diabetes,(ind.) social outcomes; (ind.) emotional outcomes; (ind.) cognitive outcomes; (ind.) behavioral outcomes,https://doi.org/10.1111/pedi.12499
2019,Weissberg-Benchell et al.,"""Diabetes camp still matters: Relationships with diabetes-specific distress, strengths, and self-care skills""",parents; campers,diabetes,(ind.) emotional outcomes; (ind.) cognitive outcomes; (ind.) physiological outcomes,https://doi.org/10.1111/pedi.12836
2007,Welch et al.,"""Clinical profile, health-related quality of life, and asthma control in children attending US asthma camps""",campers,asthma,(ind.) cognitive outcomes; (ind.) behavioral outcomes; (ind.) physiological outcomes,https://doi.org/10.1016/s1081-1206(10)60377-8
2006,Wellisch et al.,"""Psychosocial impacts of a camping experience for children with cancer and their siblings""",siblings; campers,cancer,(ind.) emotional outcomes,https://doi.org/10.1002/pon.922
2016,White et al.,"""A therapeutic recreation camp for children with congenital heart disease: Examining impact on the psychosocial well-being of parents""",parents,heart disease,(ind.) social outcomes; (ind.) emotional outcomes; (ind.) cognitive outcomes; (ind.) behavioral outcomes,https://doi.org/10.1007/s10826-016-0474-x
2019,Whitley et al.,"""Student pharmacists' service-oriented learning at a camp for children with type 1 diabetes mellitus""",medical staff,diabetes,(ind.) emotional outcomes; (ind.) cognitive outcomes; (ind.) behavioral outcomes,https://doi.org/10.1016/j.cptl.2019.04.010
2021,Wilson et al.,"""Cocurricular service-learning through a camp for athletes with visual impairments""",camp staff,visual impairment,(ind.) social outcomes; (ind.) emotional outcomes; (ind.) cognitive outcomes,https://doi.org/10.1123/jtpe.2019-0109
2010,Winsett et al.,"""Adolescent self-efficacy and resilience in participants attending a diabetes camp""",campers,diabetes,(ind.) emotional outcomes; (ind.) cognitive outcomes; (ind.) physiological outcomes,
2017,Withycombe et al.,"""Pilot study evaluating physical activity and fatigue in adolescent oncology patients and survivors during summer camp""",campers,cancer,(ind.) behavioral outcomes,https://doi.org/10.1089/jayao.2017.0074
2013,Woods et al,"""An evaluation of psychosocial outcomes for children and adolescents attending a summer camp for youth with chronic illness""",campers,(unspec.) serious illnesses; cancer; kidney disease,(ind.) emotional outcomes; (ind.) cognitive outcomes; (ind.) physiological outcomes,https://doi.org/10.1080/02739615.2013.753822
2019,Wozencroft et al.,"""Positive youth development for youth with disabilities in a therapeutic camp setting""",campers,(unspec.) disabilities; cerebral palsy; autism spectrum disorder; down syndrome,(ind.) social outcomes; (ind.) emotional outcomes; (ind.) cognitive outcomes,https://doi.org/10.5195/jyd.2019.634
2016,Wu et al.,"""A multisite evaluation of summer camps for children with cancer and their siblings""",campers,cancer,(ind.) social outcomes; (ind.) emotional outcomes; (ind.) cognitive outcomes; (ind.) behavioral outcomes; (ind.) physiological outcomes,https://doi.org/10.1080/07347332.2016.1217963
2011,Wu et al.,"""Assessing experiences of children who attended a camp for children with cancer and their siblings: A preliminary study""",parents; siblings; campers,cancer,(ind.) social outcomes; (ind.) emotional outcomes; (ind.) cognitive outcomes; (ind.) behavioral outcomes,https://doi.org/10.1007/s10566-010-9123-5
2013,Wu et al.,"""Initial examination of a new questionnaire assessing perceived social support in summer camp and home environments for children with cancer and their siblings""",siblings; campers,cancer,(ind.) social outcomes; (ind.) emotional outcomes,https://doi.org/10.1080/02739615.2013.753817
2021,Yang et al.,"""An investigation into the psychosocial impact of therapeutic recreation summer camp for youth with serious illness and disability""",campers,(unspec.) serious illnesses; gastrointestinal; cancer,(ind.) social outcomes; (ind.) emotional outcomes; (ind.) behavioral outcomes; (ind.) physiological outcomes,https://doi.org/10.1177/13591045211028539
2022,Yang et al.,"""The impact of therapeutic recreation camps in the United Kingdom on the wellbeing of youth with serious illness and disability: A qualitative investigation""",parents; campers,(unspec.) serious illnesses; gastrointestinal; cancer,(ind.) social outcomes; (ind.) emotional outcomes; (ind.) cognitive outcomes,https://doi.org/10.1016/j.pedn.2022.10.002
2023,Youngblood et al.,"""We're a lot closer, we talk more: Family experiences and relationships following child's participation in an adapted physical activity camp""",parents; siblings; campers,(unspec.) disabilities; cerebral palsy; down syndrome; cognitive impairments,(ind.) social outcomes; (ind.) emotional outcomes; (ind.) cognitive outcomes; (ind.) behavioral outcomes,https://doi.org/10.1080/09638288.2023.2226407
2024,Youngblood et al.,"""We're stronger as a family: Family experiences and relationships in an adapted physical activity camp""",parents; siblings; campers,(unspec.) disabilities; cerebral palsy; down syndrome; cognitive impairments,(ind.) social outcomes; (ind.) emotional outcomes; (ind.) cognitive outcomes; (ind.) behavioral outcomes,https://doi.org/10.1016/j.psychsport.2023.102570
2019,Zimmerman et al.,"""Program evaluation of camp V.I.P: Promoting self-confidence and independence for patients with spina bifida""",parents; siblings; campers,spina bifida,(ind.) social outcomes; (ind.) emotional outcomes; (ind.) cognitive outcomes,https://doi.org/10.1016/j.pedn.2019.04.014
,,,,,,https://doi.org/
,,,,,,https://doi.org/
,,,,,,https://doi.org/
,,,,,,https://doi.org/
,,,,,,https://doi.org/
,,,,,,https://doi.org/
,,,,,,https://doi.org/
,,,,,,https://doi.org/
,,,,,,https://doi.org/
,,,,,,https://doi.org/
,,,,,,https://doi.org/
,,,,,,https://doi.org/
,,,,,,https://doi.org/
,,,,,,https://doi.org/
,,,,,,https://doi.org/
,,,,,,https://doi.org/
,,,,,,https://doi.org/
,,,,,,https://doi.org/
,,,,,,https://doi.org/
,,,,,,https://doi.org/
,,,,,,https://doi.org/
,,,,,,https://doi.org/
,,,,,,https://doi.org/
,,,,,,https://doi.org/
,,,,,,https://doi.org/
,,,,,,https://doi.org/
